"filename", "language", "JavaScript", "Markdown", "JSON with Comments", "XML", "JSON", "TypeScript", "TypeScript JSX", "PostCSS", "comment", "blank", "total"
"/home/dedyas/Documents/smk-skill-bridge/README.md", "Markdown", 0, 23, 0, 0, 0, 0, 0, 0, 0, 14, 37
"/home/dedyas/Documents/smk-skill-bridge/app/api/clear/route.ts", "TypeScript", 0, 0, 0, 0, 0, 4, 0, 0, 0, 1, 5
"/home/dedyas/Documents/smk-skill-bridge/app/api/question/[division]/route.ts", "TypeScript", 0, 0, 0, 0, 0, 21, 0, 0, 0, 0, 21
"/home/dedyas/Documents/smk-skill-bridge/app/api/question/division/route.ts", "TypeScript", 0, 0, 0, 0, 0, 47, 0, 0, 0, 3, 50
"/home/dedyas/Documents/smk-skill-bridge/app/api/question/route.ts", "TypeScript", 0, 0, 0, 0, 0, 5, 0, 0, 0, 0, 5
"/home/dedyas/Documents/smk-skill-bridge/app/api/results/[id]/route.ts", "TypeScript", 0, 0, 0, 0, 0, 65, 0, 0, 0, 3, 68
"/home/dedyas/Documents/smk-skill-bridge/app/api/results/route.ts", "TypeScript", 0, 0, 0, 0, 0, 163, 0, 0, 1, 5, 169
"/home/dedyas/Documents/smk-skill-bridge/app/api/vocations/division/route.ts", "TypeScript", 0, 0, 0, 0, 0, 5, 0, 0, 0, 1, 6
"/home/dedyas/Documents/smk-skill-bridge/app/api/vocations/route.ts", "TypeScript", 0, 0, 0, 0, 0, 5, 0, 0, 0, 1, 6
"/home/dedyas/Documents/smk-skill-bridge/app/components/Footer.tsx", "TypeScript JSX", 0, 0, 0, 0, 0, 0, 37, 0, 0, 2, 39
"/home/dedyas/Documents/smk-skill-bridge/app/components/Hero.tsx", "TypeScript JSX", 0, 0, 0, 0, 0, 0, 86, 0, 0, 1, 87
"/home/dedyas/Documents/smk-skill-bridge/app/components/Home.tsx", "TypeScript JSX", 0, 0, 0, 0, 0, 0, 80, 0, 0, 9, 89
"/home/dedyas/Documents/smk-skill-bridge/app/components/Modal.tsx", "TypeScript JSX", 0, 0, 0, 0, 0, 0, 7, 0, 0, 2, 9
"/home/dedyas/Documents/smk-skill-bridge/app/components/Modalbox.tsx", "TypeScript JSX", 0, 0, 0, 0, 0, 0, 9, 0, 0, 2, 11
"/home/dedyas/Documents/smk-skill-bridge/app/components/Navbar.tsx", "TypeScript JSX", 0, 0, 0, 0, 0, 0, 83, 0, 0, 3, 86
"/home/dedyas/Documents/smk-skill-bridge/app/components/Primarybox.tsx", "TypeScript JSX", 0, 0, 0, 0, 0, 0, 49, 0, 0, 3, 52
"/home/dedyas/Documents/smk-skill-bridge/app/components/Questions.tsx", "TypeScript JSX", 0, 0, 0, 0, 0, 0, 47, 0, 0, 5, 52
"/home/dedyas/Documents/smk-skill-bridge/app/components/SkeletonBox.tsx", "TypeScript JSX", 0, 0, 0, 0, 0, 0, 9, 0, 0, 2, 11
"/home/dedyas/Documents/smk-skill-bridge/app/components/Vocation.tsx", "TypeScript JSX", 0, 0, 0, 0, 0, 0, 95, 0, 0, 5, 100
"/home/dedyas/Documents/smk-skill-bridge/app/components/skeleton/Question.tsx", "TypeScript JSX", 0, 0, 0, 0, 0, 0, 35, 0, 0, 3, 38
"/home/dedyas/Documents/smk-skill-bridge/app/data/question/bangunan.json", "JSON", 0, 0, 0, 0, 401, 0, 0, 0, 0, 1, 402
"/home/dedyas/Documents/smk-skill-bridge/app/data/question/informatika.json", "JSON", 0, 0, 0, 0, 226, 0, 0, 0, 0, 1, 227
"/home/dedyas/Documents/smk-skill-bridge/app/data/question/mesin.json", "JSON", 0, 0, 0, 0, 395, 0, 0, 0, 0, 1, 396
"/home/dedyas/Documents/smk-skill-bridge/app/data/vocation/division.json", "JSON", 0, 0, 0, 0, 161, 0, 0, 0, 0, 1, 162
"/home/dedyas/Documents/smk-skill-bridge/app/data/vocation/vocations.json", "JSON", 0, 0, 0, 0, 312, 0, 0, 0, 0, 0, 312
"/home/dedyas/Documents/smk-skill-bridge/app/globals.css", "PostCSS", 0, 0, 0, 0, 0, 0, 0, 52, 8, 9, 69
"/home/dedyas/Documents/smk-skill-bridge/app/layout.tsx", "TypeScript JSX", 0, 0, 0, 0, 0, 0, 30, 0, 0, 5, 35
"/home/dedyas/Documents/smk-skill-bridge/app/lib/checkdata.ts", "TypeScript", 0, 0, 0, 0, 0, 156, 0, 0, 0, 8, 164
"/home/dedyas/Documents/smk-skill-bridge/app/lib/decrypt.ts", "TypeScript", 0, 0, 0, 0, 0, 6, 0, 0, 0, 0, 6
"/home/dedyas/Documents/smk-skill-bridge/app/lib/mongodb.ts", "TypeScript", 0, 0, 0, 0, 0, 16, 0, 0, 0, 3, 19
"/home/dedyas/Documents/smk-skill-bridge/app/models/resultSchema.ts", "TypeScript", 0, 0, 0, 0, 0, 13, 0, 0, 0, 3, 16
"/home/dedyas/Documents/smk-skill-bridge/app/models/testSchema.ts", "TypeScript", 0, 0, 0, 0, 0, 12, 0, 0, 0, 2, 14
"/home/dedyas/Documents/smk-skill-bridge/app/page.tsx", "TypeScript JSX", 0, 0, 0, 0, 0, 0, 48, 0, 0, 2, 50
"/home/dedyas/Documents/smk-skill-bridge/app/questions/General.tsx", "TypeScript JSX", 0, 0, 0, 0, 0, 0, 114, 0, 2, 5, 121
"/home/dedyas/Documents/smk-skill-bridge/app/questions/[division]/page.tsx", "TypeScript JSX", 0, 0, 0, 0, 0, 0, 34, 0, 0, 3, 37
"/home/dedyas/Documents/smk-skill-bridge/app/questions/page.tsx", "TypeScript JSX", 0, 0, 0, 0, 0, 0, 290, 0, 19, 19, 328
"/home/dedyas/Documents/smk-skill-bridge/app/result/[id]/page.tsx", "TypeScript JSX", 0, 0, 0, 0, 0, 0, 305, 0, 1, 9, 315
"/home/dedyas/Documents/smk-skill-bridge/eslint.config.mjs", "JavaScript", 14, 0, 0, 0, 0, 0, 0, 0, 2, 3, 19
"/home/dedyas/Documents/smk-skill-bridge/next.config.ts", "TypeScript", 0, 0, 0, 0, 0, 7, 0, 0, 1, 3, 11
"/home/dedyas/Documents/smk-skill-bridge/package-lock.json", "JSON", 0, 0, 0, 0, 8032, 0, 0, 0, 0, 1, 8033
"/home/dedyas/Documents/smk-skill-bridge/package.json", "JSON", 0, 0, 0, 0, 40, 0, 0, 0, 0, 1, 41
"/home/dedyas/Documents/smk-skill-bridge/postcss.config.mjs", "JavaScript", 6, 0, 0, 0, 0, 0, 0, 0, 0, 2, 8
"/home/dedyas/Documents/smk-skill-bridge/public/file.svg", "XML", 0, 0, 0, 1, 0, 0, 0, 0, 0, 0, 1
"/home/dedyas/Documents/smk-skill-bridge/public/globe.svg", "XML", 0, 0, 0, 1, 0, 0, 0, 0, 0, 0, 1
"/home/dedyas/Documents/smk-skill-bridge/public/majors.json", "JSON", 0, 0, 0, 0, 173, 0, 0, 0, 0, 0, 173
"/home/dedyas/Documents/smk-skill-bridge/public/next.svg", "XML", 0, 0, 0, 1, 0, 0, 0, 0, 0, 0, 1
"/home/dedyas/Documents/smk-skill-bridge/public/questions.json", "JSON", 0, 0, 0, 0, 336, 0, 0, 0, 0, 0, 336
"/home/dedyas/Documents/smk-skill-bridge/public/vercel.svg", "XML", 0, 0, 0, 1, 0, 0, 0, 0, 0, 0, 1
"/home/dedyas/Documents/smk-skill-bridge/public/window.svg", "XML", 0, 0, 0, 1, 0, 0, 0, 0, 0, 0, 1
"/home/dedyas/Documents/smk-skill-bridge/tsconfig.json", "JSON with Comments", 0, 0, 34, 0, 0, 0, 0, 0, 0, 1, 35
"Total", "-", 20, 23, 34, 5, 10076, 525, 1358, 52, 34, 148, 12275